"","x"
"1","Adosia Hardware  ADO Token   Internet of Things  IoT  Hardware    Bitcoin Exchange Guide  vi  "
"2","The  Bitcoin Fever Has Got Tim Da R apper  "
"3","BTC afternoon update  Tons of charts here of my excel and next swing play coming up  "
"4"," Bitcoin Thinking to try"
"5","  Keen Autonomous  Ride  Hailing Platform  Check This Out  Get in NOW     imkeen   "
"6","  Keen Autonomous  Ride  Hailing Platform  Check This Out  Get in NOW     imkeen   "
"7","Laszlo Hanyecz on Why  Bitcoin is Still the Only Flavor of Crypto for Him  "
"8","  Reppin that  L  Litecoin so everyone behind me can see       Litecoinfam  LitecoinNation  PayWithLitecoin    "
"9","  premium domain is available for sale For Offers Visit    "
"10","The Dreaded GDPR Is Here  Non Compliant Companies Had Better Get Their Checkbooks Ready   "
"11","  Weekly  crypto  mining intake thru 5 26  930  I do this every week  Join me    cryptocurrency  c "
"12","  This is gonna be a good week for  btc   Why   Because the last time  bitcoin had 4 red weekly candles in a row  was July "
"13","  The cover of the biggest newspaper magazine in Argentina    Is  bitcoin killing the USD                                         hyperbitcoinization htt "
"14","Twitter Moments are always depressing af"
"15","   All social security benefits would be placed in an account of the ben  "
"16","Earn bitcoin on a daily basis   1  Follow   2  Complete instructions in pinned tweet"
"17","  SegWit Transactions Rapidly Increasing on Bitcoin Network "
"18","The latest The Caliber Group Daily    bitcoin"
"19","How This Investor Lost  60 Million in  Bitcoin and Never Got it Back  "
"20","   I m not a big believer in  Bitcoin  I am a believer in blockchain technology     Gary Cohn               "
"21","  What if I told you that median Bitcoin transaction fees   expressed in Satoshis   have never been lower since around Mar "
"22"," the best  BitcoinYellowProtocol  BYP  Airdrop  airdrops  bitcoin  token"
"23","Bitcoin price index   USD  EUR  CNY  GBP  RUB "
"24","  Breaking News   prl  prl Oyster PRL is approaching mainnet release at the end of this month  Stock up  prl before it moons "
"25"," TR  28 05 2018 00 59 04 Bitcoin   34940 Ethereum   2726   bitcoin  ethereum  altcoin  coin  blockchain  crypto  "
"26"," USD  28 05 2018 00 59 04 Bitcoin   7364 09 Ethereum   573 991   bitcoin  ethereum  altcoin  coin  blockchain  "
"27","BITCOIN HAS BEEN TRENDING DOWN THIS WEEK AND IS SHOWING A HUGE RED CANDLESTICK   "
"28","Valores   dolar R 3 6449   BITCOIN MCDTBC  R 27990   BITCOIN BLCHAIN  R 26681 02   LITECOIN MCDTBC  R 446"
"29","  I arrived to  Vietnam and full of energy to start our roadshow and Conferences  BlockchainFestival At GEM Center One to one "
"30","A London Based Company Successfully Trademarks the Name  Bitcoin    Bitcoin News "
"31","  Also  Bitcoin s failed rally at Consensus  Facebook announcing it s own crypto has weighed  "
"32","  By encouraging a shift to eco friendly server farms  Bitcoin Origin hopes to lower the industry s carbon footprint and "
"33","  KWATT Coin ICO   Introducing The KWATT Coin Tokenized Electricity        "
"34","  Just landed in  Shanghai  China Ready for full busy productive days If you are in town let s talk  Crypto I wanna tell you "
"35","  Onasander Airdrop   3 000 give away every week  First Investment Bank running on Blockchain   Go to Airdrop Page   "
"36","  What is Bitcoin for dummies   A simple explanation for beginners      "
"37","        Bitc  "
"38","  The confusion between Bitcoin and Bitcoin Cash is real   Just had to explain to a friendly lady at a Cambridge coffeeshop that "
"39","   r bitcoin is a BTC subreddit  r btc is a BCH subreddit  is a BCH twitter  is a BTC twitter  i "
"40","  Kasko2go ICO   Would You Like To Save Up To 50  On Motor Insurance Just For Driving Safe      "
"41","Bitcoin Price to Bottom at  5 700 in Short Term But Recover  Analyst    "
"42","  Bitcoin Yellow Protocol Airdrop  GET FREE UP TO  100   Link    airdrops  airdropalert   "
"43","To 10 Cryptocurrencies To Buy    According to Nasdaq   "
"44","Daily Discussion  May 27  2018  "
"45","Bitcoin  A Peer to Peer Electronic Cash System now  Bitcoin Cash "
"46","  Bitcoin  7361 65 Ethereum  573 254 Bitcoin Cash  996 73 Litecoin  117 893 Ripple  0 607491 IOTA  1 45879"
"47","Long Short Bitcoin moves with up to 100x Leverage at Bitmex                            Get a 10  Fee Discount       "
"48","  The confusion between Bitcoin and Bitcoin Cash is real   Just had to explain to a friendly lady at a Cambridge coffeeshop that "
"49","  Last time the volume of bitcoin was this low was in early April just before the surge to 10k  Volume dying off in a dow "
"50","  Crypto currencies are NOT secure  You lose your private key and you lose all of your crypto wealth for good   I accidentally t "
"51","To 10 Cryptocurrencies To Buy    According to Nasdaq  "
"52"," whatever you want sweetheart"
"53","  The Rothschild s are entering the  Cryptocurrency market  In February  it became known that the Tether accounts of Bitf "
"54","  First day on  Deconomy   izx  blockchain  AR  VR  cryptocurrency  bitcoin  ethereum  technologies  cryptoconference "
"55","Start today   gt      bitcoin  cryptocurrency  ethereum  blockchain  crypto  btc  money  "
"56","  Preparing for  Deconomy in Seoul   izx  blockchain  AR  VR  cryptocurrency  technologies  bitcoin  ethereum  roadshow  cryptoco "
"57","  KWATT Coin ICO   Introducing The KWATT Coin Tokenized Electricity        "
"58","  Weekly  crypto  mining intake thru 5 26  930  I do this every week  Join me    cryptocurrency  c "
"59","Don t be a victim of fraud  There s only one Bitcoin  "
"60","  BITCOIN With Credit Cars or Paypal     bitcoin  cryptocurrency  bitcoinmarketshare "
"61"," moneytoken  IMT  ICO           Crowdsale  Bitcoin  Blockchain  Token  ETH  Ethereum  TokenSale Its nice seeing mor  "
"62","London s Metropolitan Police Seize  667000 Worth of Bitcoin  crypto  altcoin  fintech  "
"63","Crypto update  Bitcoin  Ethereum  Ripple  Bitcoin Cash  EOS  and Litecoin sink lower  LTC "
"64"," That Bitcoin Dominance chart kills me every time it s shown as evidence  I believe insane specul "
"65"," Calm yourself Ran  When  bitcoin hits the millions per coin there will be plenty of transactions  By  "
"66","     Great  You are very talented "
"67","  The confusion between Bitcoin and Bitcoin Cash is real   Just had to explain to a friendly lady at a Cambridge coffeeshop that "
"68","   r bitcoin is a BTC subreddit  r btc is a BCH subreddit  is a BCH twitter  is a BTC twitter  i "
"69","RT peterktodd  RT mrauchs  The confusion between Bitcoin and Bitcoin Cash is real   Just had to explain to a friend  "
"70","Bitcoin Pizza Guy  Laszlo Hanyecz on Why Bitcoin is Still the Only Flavor of Crypto for Him  "
"71","  The latest Hashington Post    bitcoin"
"72","  Try your luck with  VEN   VeChain  on      Best of luck playing with  BTS  CARDANO   XL "
"73","  Just landed in  Shanghai  China Ready for full busy productive days If you are in town let s talk  Crypto I wanna tell you "
"74","  Probe in two cases of bitcoin extortion in Surat unravelling Pandora s Box as the racket gets bigger   "
"75","  The confusion between Bitcoin and Bitcoin Cash is real   Just had to explain to a friendly lady at a Cambridge coffeeshop that "
"76","How a Cryptocurrency Investor Lost  60 Million in Bitcoin and Never Got it Back   CCN "
"77","  Earn up to 50 000 tokens in less than 1 minute    All you need to do is   1  Follow 2  Retweet 3  Like 4  Fill in this "
"78","     BTC stopped following the whitepaper rules   "
"79","  Hey  bountyhunters    Earn up to 50 000 Tokens  All you need to do is   1  Follow us 2  Like  amp  Retweet 3  Fill in this "
"80","SA probes  80m bitcoin scam  blockchain  ethereum  fintech Business  "
"81","  If Bitcoin fails  every cryptocurrency fails with it "
"82","   Blocknet interview with  Creator   Syscoin Co Founder   amp  Syscoin Core Developer  "
"83","  Hello  bountyhunters    Willing to earn 50 000 Tokens  The steps are   1  Follow us 2  Like  amp  Retweet 3  Fill in this f "
"84","  Hey  bountyhunters    Looking to earn 50 000 Tokens   1  Follow us 2  Like  amp  Retweet 3  Comment with your ETH Address 4 "
"85","  Big fans of yours over here  Amazing to see you wearing our swag  we re definitely going to hook you up with som "
"86","Install CryptoTab and mine Bitcoin  "
"87"," u luke jr  Whether or not BCH survives  Bitcoin certainly will  unless cryptocurrency as a whole fails    "
"88"," The average price I paid for bitcoin in 2013 2014 was  500  after that I saw bitcoin go down to less  "
"89","  Exciting announcements coming  Stay tuned peeps                                         ico  blockchaintechnology  blockchain  ethereum  bitcoin  initia "
"90","   Not meaning to be too much of a pessimist here  but it seems like all those adva  "
"91","  I agree for Btc   I have no positions at all at the moment at bitcoin  But look at RL  "
"92","  The Rothschild s are entering the  Cryptocurrency market  In February  it became known that the Tether accounts of Bitf "
"93"," wow amazing thank you  keep up the solid work  bch is bitcoin"
"94","Five Reasons to Be Bullish About Bitcoin  Ethereum and the Future of Crypto "
"95","   Bountyhunters   Willing to earn 50 000 Tokens     Follow   Like  amp  Retweet   Comment your ETH Address   Fill in form  h "
"96","Interesting analysis from a professional wall street analyst and not a serial shiller    "
"97","  You ll have two choices  the car or the value of said car in Bitcoin  And if you re international you ll need to take t "
"98","  Get kids into  Bitcoin  by   "
"99","Long Short Bitcoin moves with up to 100x Leverage at Bitmex                            Get a 10  Fee Discount       "
"100"," In an emergency  don t ask  someone  from the crowd to do something  Point to a person and tell th "
"101","Copy successful traders automatically with Bitcoin                            I copy  KaizenTrader   Do you       "
"102","              Looking for a safe place for your BITCOIN                Litecoin  electroneum  cryptocurrency  Crypto  Crypt "
"103","  Why invest in Bitcoin when you can invest in Schrute Bucks "
"104","For the First Time  Blockchain Technology Endorsed by the U S  Congress As  Revolutionizing     blokt    Blockchain  "
"105","  We re getting excited about this  the end is getting closer  don t miss your chance to invest    "
"106","  The Revolution is Coming   Lightening fast video playback   buffer less technology with encoding on the fly    Only via "
"107","Bitcoin   Claim 0 25   1 Bitcoin   madura  "
"108"," In an emergency  don t ask  someone  from the crowd to do something  Point to a person and tell th "
"109"," In an emergency  don t ask  someone  from the crowd to do something  Point to a person and tell th "
"110"," Bitcoin Basics  Bitcoin Exchanges Tips And Tricks   Kyc  Paper Wallet  Safe Bitcoin  Crypto Hacks  has been publis  "
"111"," In an emergency  don t ask  someone  from the crowd to do something  Point to a person and tell th "
"112"," In an emergency  don t ask  someone  from the crowd to do something  Point to a person and tell th "
"113","  Ellen Degeneres becomes a  4 mln XRP HODLer  the US investigates Bitcoin price manipulation  and all the rest in this we "
"114","  Relative Global Annual Consumption of Energy of several known process  Giving comparison and perspective into the very emotio "
"115","  Five people initiated conversation with me about bitcoin at a high school friend s wedding yesterday   Got the ETH maximalis "
"116","The DAICO model allows token holders to control the withdrawal of funds and provides  also  the possibility for a r  "
"117","  CCN  Bitcoin Price Drops to  7 300 as Cryptocurrency Market Correction Continues  "
"118","      So  which one is more decentralized   Bitcoin or Bcash "
"119","Bitcoin Will Soon Use More  Energy Than Austria    DBrief    PrescientInfo "
"120","  Whereas the miners are verifying each transaction as it happens on the  blockchain  under the  IOTA  DAG structure  the "
"121","  ICO  bitcoin  ethereum  crypto  cryptocurrency  ecommerce airdrop  bounty  BTC  xrp  javatoken"
"122","How  Super Gonorrhea  Became Super   crypto  cryptocurrency  blockchain  bitcoin  ico    "
"123","Stop by Infinity Futures Sierra Charting Club     wsj  nytimes  reuters  "
"124","  Bitcoin remains a strong buy despite recent losses  says Spencer Bogart  recommends selling other  overvalued  alts "
"125","  Bitcoin angels  PayPal has frozen my donations account and bitcoin is now the only way I can survive    Please help keep an exi "
"126"," In an emergency  don t ask  someone  from the crowd to do something  Point to a person and tell th "
"127","Good  Morning from Aelfie to  Singapore and  Asia   And Good  afternoon  evening to everywhere else in the  world   "
"128","  Do you own bitcoin "
"129","   r bitcoin is a BTC subreddit  r btc is a BCH subreddit  is a BCH twitter  is a BTC twitter  i "
"130","   SatoshiNakamoto  creator of bitcoin  amp  father of the crypto revolution understood the root problem with  fiat was that  ce "
"131","  Breaking News   prl  prl Oyster PRL is approaching mainnet release at the end of this month  Stock up  prl before it moons "
"132","   Blocknet interview with  Creator   Syscoin Co Founder   amp  Syscoin Core Developer  "
"133","  King of Hexx Street  Hello community  More hexxciting news to be announced on our updated road map coming soon    hxx  hxx  "
"134","   r bitcoin is a BTC subreddit  r btc is a BCH subreddit  is a BCH twitter  is a BTC twitter  i "
"135","  The largest newspaper in Argentina released a magazine this week with the title  Bitcoin kills US Dollar    h t  "
"136","  premium domain is available for sale For Offers Visit    "
"137","  Great story of cultural misunderstanding  Chinese Bitcoin miners overestimate how capitalist the US is "
"138","  The cover of the biggest newspaper magazine in Argentina    Is  bitcoin killing the USD                                         hyperbitcoinization htt "
"139","  The bullish trend line started since mid October last year  in black   the longer Bitcoin stays around these levels the b "
"140"," Now that recovery has begun  it appears India is once again stepping into the mix and enforcing its power   "
"141","U S  launches criminal probe into bitcoin price manipulation  Bloomberg  "
"142","  Onasander Airdrop   3 000 give away every week  First Investment Bank running on Blockchain   Go to Airdrop Page   "
"143","  Airdrop is live             Only First 5000 Participant will get 1000 KPT Worth  83               Grab your token  Hurry Up  Form Link   "
"144","  The cover of the biggest newspaper magazine in Argentina    Is  bitcoin killing the USD                                         hyperbitcoinization htt "
"145","So remember that whole bitcoin thing  ITS ALL GONE"
"146","   Shit  I had no idea they re in town  Where would someone check to see any upcomi  "
"147"," President Trump brought home hostages and has scheduled a meeting with Kim Jong Un  without even spending  "
"148","  Follow me   I will follback  Crypto  Bitcoin  ICO  bounty  altcoins  bitcointalk  1DDriv  IFB  followme  followback  follo "
"149","         "
"150","  Seattle has an affordable housing crisis  amp  a homelessness crisis   Bitcoin miners  sounds clinical  if absurd  but these are "
"151"," In an emergency  don t ask  someone  from the crowd to do something  Point to a person and tell th "
"152","  domain is available for sale For Offers Visit    "
"153","Coinbase s Decentralized Exchange Acquisition Is a Shortcut to List ERC20 Tokens "
"154","   It Is Very Hard To Regulate  Bitcoin    Rep  Schweikert  "
"155","    Retweet  We will choose 10 random followers to win 0 2 ETH                Please Support DELTA Token              1  FOLLOW 2  LIKE AND RETWEET "
"156","I was just explaining what block chain is to my mother in law and would up saying that owning Bitcoin is the techqu  "
"157","  Straks  Masternodes are reDy to be run for you   cryptocurrencies  bitcoin"
"158","The Bitcoin probe unravelling in Surat is a Pandora s Box "
"159","We don t use many brokers  only the best ones for us  amp  clients  but we can add a few more with MAM PAMM accounts   BestForexBroker  Bitcoin"
"160","Original Pizza Day Purchaser Does It Again With Bitcoin Lightning Network   "
"161","  Join the Viewo Private Sale  Bounty and Airdrop today   The first GPU hosted true buffer less video platform with encodi "
"162","  BOON Airdrop  500 000 BOON give away     Free Micro Job Platform like  and     Official IBM Partner   Go to "
"163","  Let s support  for   We need a big future for the world  A medical blockchain that helps real life   Bi "
"164","  Rapper 50 cent has a new album coming out to celebrate his bitcoin millions  check it out   XRPcommunity  xrparmy  xrp "
"165","   Blocknet interview with  Creator   Syscoin Co Founder   amp  Syscoin Core Developer  "
"166","Get Free Bitcoin        "
"167","  The easiest way to take someone s bitcoins is through social engineering  Promising someone  the next Bitcoin  has been "
"168","Get Free Bitcoin        "
"169","START BITCOIN MINING       "
"170","  premium domain is available for sale For Offers Visit    "
"171","  Retweet this post and get 5000 free PKG Token  PKG                                        We will choose 5 random followers and send each 5000 PKG  5 winn "
"172","  TapJets Adds Ripple and Litecoin for Flight Bookings   Bitcoin"
"173"," In an emergency  don t ask  someone  from the crowd to do something  Point to a person and tell th "
"174","  Keen Autonomous  Ride  Hailing Platform  Check This Out  Get in NOW     imkeen   "
"175","  bitcoiners   utility crews responding to unusual spikes in power usage have found racks of remotely controlled servers in "
"176"," I m saying hodling any coin is a bad strategy  period  Everyone hodling the same coin from January to no  "
"177","  My predictions for 2018    Bitcoin will be  50K by the EOY  Why     Interest rates will continue to rise   Deutsche Ba "
"178","   Blocknet interview with  Creator   Syscoin Co Founder   amp  Syscoin Core Developer  "
"179","  Buy  Bitcoin   forget the Crap  Wait and be patient  It will pay off "
"180","Researcher at San Francisco Federal Reserve Concludes Bitcoin Overpriced  Possible Panic Sell    "
"181","Get Free Bitcoin        "
"182","This is what so many people overlook or forget about  Investing in  bitcoin isn t just betting that it will succeed  "
"183","   1 000 BITCOIN GIVEAWAY   FOR REAL  One lucky person will win  1 000 of Bitcoin  Here is how to enter to win  RETWEET t "
"184","Get Free Bitcoin        "
"185","Get Free Bitcoin        "
"186"," In an emergency  don t ask  someone  from the crowd to do something  Point to a person and tell th "
"187"," In an emergency  don t ask  someone  from the crowd to do something  Point to a person and tell th "
"188","Everyone knows that  blockchain is the future  How big it will be  and who will rise to the top  is still unknown   "
"189","  premium domain is available for sale For Offers Visit    "
"190","  Kasko2go ICO   Would You Like To Save Up To 50  On Motor Insurance Just For Driving Safe      "
"191","  Breaking News   prl  prl Oyster PRL is approaching mainnet release at the end of this month  Stock up  prl before it moons "
"192","How a Cryptocurrency Investor Lost  60 Million in Bitcoin and Never Got it Back   CCN "
"193"," bitcoin becomes more and more popular and accepted worldwide  the price per bitcoin keep  "
"194","Viva s platform will utilize smart contracts to crowdfund home loans  connecting borrowers and investors directly w  "
"195","  Bitcoin Cash will be the  all in one  coin    "
"196","  When in doubt  zoom out   HODL  bitcoin "
"197","  Bitcoin fork Bitcoin Gold suffers 51  attack  attacker with more than half of network s hash rate double spent BTG coins on e "
"198","  Great story of cultural misunderstanding  Chinese Bitcoin miners overestimate how capitalist the US is "
"199","  My predictions for 2018    Bitcoin will be  50K by the EOY  Why     Interest rates will continue to rise   Deutsche Ba "
"200","  The easiest way to take someone s bitcoins is through social engineering  Promising someone  the next Bitcoin  has been "
"201","  Conditions couldn t be riper for an institution or government to dramatically improve its constituents  futures with a "
"202","Cryptocurrency   Bitcoin Price USD  7357 4524h Vol  4057050000 0  change 24h   0 02"
"203"," My prediction for 2018    Bitcoin will end the year between  7k and  10k by the EOY  Why     The M  "
"204","  The Woman Powering Bitcoin   Interview With CEO of  OTCBTC Exchange Xdite Cheng  "
"205"," In an emergency  don t ask  someone  from the crowd to do something  Point to a person and tell th "
"206","  premium domain is available for sale For Offers Visit    "
"207","  When in doubt  zoom out   HODL  bitcoin "
"208","  I don t trade Bitcoin so the only reason I d buy some is if it went really low  Inst  "
"209","Get Free Bitcoin        "
"210","  Onasander Airdrop   3 000 give away every week  First Investment Bank running on Blockchain   Go to Airdrop Page   "
"211","START BITCOIN MINING       "
"212","   Bitcoin public interest over past few months 2017 2018 and 2013 2014    What do you think  "
"213","  Great story of cultural misunderstanding  Chinese Bitcoin miners overestimate how capitalist the US is "
"214","  Bitcoin fork Bitcoin Gold suffers 51  attack  attacker with more than half of network s hash rate double spent BTG coins on e "
"215"," cryptocurrency  bitcoin  blockchain ABCC  World s First Zero Trading Fee Crypto Exchange  to Deliver a Frictionles  "
"216"," In an emergency  don t ask  someone  from the crowd to do something  Point to a person and tell th "
"217","   i mean if bitcoin is too difficult to understand and need to many times to understand   "
"218","  domain is available for sale For Offers Visit    "
"219","TapJets Adds Ripple and Litecoin for Flight Bookings   Bitcoin"
"220","  Get kids into  Bitcoin  by   "
"221","               Seattle s First Conference  Come join us on the Seattle Waterfront June 5th   40  Speakers  Exhibition  amp  Career fair  "
"222","  North Korea Behind 2017 Cryptocurrency Hacks    GrowthHacking  DominikSuter "
"223","Man Threw Away  60 Millions Worth of Bitcoin  But Global Losses Amount to  25 Billion    "
"224","  Get kids into  Bitcoin  by   "
"225","There are many reasons to remain bullish on crypto outside of chart action    Cryptocurrency  Blockchain  Crypto"
"226","     Very cool "
"227","  Did you see Danny from  give his opinion on  Acorn               Watch here      "
"228"," In an emergency  don t ask  someone  from the crowd to do something  Point to a person and tell th "
"229","  The cover of the biggest newspaper magazine in Argentina    Is  bitcoin killing the USD                                         hyperbitcoinization htt "
"230","Excellent article  sir I tip my hat to you   "
"231"," Pretty good intro  but  fork  needs a little more  Often a fork is just an upgrade  with no blockchain split  "
"232","  KWATT Coin ICO   Introducing The KWATT Coin Tokenized Electricity        "
"233","Bitcoin weekly update    "
"234","Phillip Nunn is another world class advisor who joined Guarium   Phillip Nunn is an Entrepreneur  CEO and internati  "
"235","  LPK Tokens distribution has started       Login to your L Pesa wallet   gt  update your ERC20 Token wallet address   gt  you are no "
"236","  Rapid Growth Of  LightningNetwork Payment Channels Paints A Bright Future For  Bitcoin   "
"237","The  Bitcoin Fever Has Got Tim Da R apper BY  Priyeshu Garg                    "
"238","  premium domain is available for sale For Offers Visit    "
"239","How does a Bitcoin ATM work  Do you get  real cash  out in place of your imaginary BTC  money  "
"240","  BitcoinMachinas your Bitcoin Online Casino for more fun and wins     Casino  Bitcoinc "
"241","  Retweet this post and get 5000 free PKG Token  PKG                                        We will choose 5 random followers and send each 5000 PKG  5 winn "
"242","Bitcoin still a buy despite recent losses says blockchain venture capitalist "
"243","  My predictions for 2018    Bitcoin will be  50K by the EOY  Why     Interest rates will continue to rise   Deutsche Ba "
"244","  Participating in Bitcoin Token  BTK  airdrop has ended  Distribution delivered       ZIG  EcexEx "
"245","  By encouraging a shift to eco friendly server farms  Bitcoin Origin hopes to lower the industry s carbon footprint and "
"246","Adolf Bitcoin"
"247","  Developing Story  40 Pounds of Bitcoin Found In This Mans Ass  "
"248","  Former BJP MLA involved in huge Bitcoin scam  It s an open secret that people having a high volume of cash at the time of de "
"249","  The bullish trend line started since mid October last year  in black   the longer Bitcoin stays around these levels the b "
"250"," In an emergency  don t ask  someone  from the crowd to do something  Point to a person and tell th "
"251","  Did you see Danny from  give his opinion on  Acorn               Watch here      "
"252","Earn bonus points totaling   1 500 000 00  Accomplish current missions and get valuable bonus points to exchange th  "
"253","   SPREADSHEET MACT AIRDROP   Please Check Your Position      bounty  freecoin  freetoken "
"254","  WHATTTT    Posters of vitalik and Mao Zedong   And  BITCOIN PILLOWS   These kids  "
"255","  Elon Musk fanboys are the worst outside of Bitcoin fanboys "
"256","         "
"257","Apartments Of London accepts Bitcoin  "
"258","How a Cryptocurrency Investor Lost  60 Million in Bitcoin and Never Got it Back  "
"259","Bitcoin Pizza Guy  Laszlo Hanyecz on Why Bitcoin is Still the Only Flavor of Crypto for Him    "
"260"," This is going to be the best coin after bitcoin  and i am hoping it so  because i like the algorithm of this project eventually "
"261","   I am just pleased that i knew all those shredouts you listed  I feel like i am finally qualified to begin learning "
"262","Bitcoin  BTC price is   7357 45   Binance registration is ONLINE  We JUST checked                                   "
"263","  The bullish trend line started since mid October last year  in black   the longer Bitcoin stays around these levels the b "
"264","               Typerium Bot is back    Oh  and he s arrived in style     typegang Grab his 40 000 000 FREE Tokens              "
"265","    Retweet and Follow  25 random followers will win 0 2 ETH each                Please Support Alphacrypt Token              1  FOLLOW 2  LIKE AND "
"266","  premium domain is available for sale For Offers Visit    "
"267"," FREE    GIVEAWAY  Money Matters Bitcoin Buzz Report  stockmarket  successful  stocktrader  profit  growth  steel  "
"268","Bitcoin Pizza Guy  Laszlo Hanyecz on Why Bitcoin is Still the Only Flavor of Crypto for Him "
"269","Copy successful traders automatically with Bitcoin                            I copy  KaizenTrader   Do you       "
"270","  NANO reached a peak of 16 tps yesterday                That s more than 6 times  Bitcoin s tps and more than double that of  Ethereum "
"271","   Blocknet interview with  Creator   Syscoin Co Founder   amp  Syscoin Core Developer  "
"272"," Bcash is a scam and  is a scam account  "
"273","Bitcoin Cash  BCH price   994 98   We verified that Binance is accepting new users                                   "
"274","  Thank you all for your support and kind words to us  We are glad that you like    Don t forget to subscrib "
"275","  Laszlo Hanyecz  the original purchaser of 2 pizzas for 10 000 BTC  is still working on making BTC use more mainstream ht "
"276","Bitcoin theft  fraud  money laundering will be  BOOSTED by GDPR  "
"277","  Great story of cultural misunderstanding  Chinese Bitcoin miners overestimate how capitalist the US is "
"278","  Keeping my mind off cryptocurrency this memorial day weekend    crypto  tron  bitcoin "
"279","  Caption this    BlockchainWeekNYC  BCH  Bitcoin "
"280","  jealous Congrats on all you are doing Whale               Vergefam  XVG  BTC  BitcoinMining  bitcoin  Mint  "
"281","  May 27  2018  The current Mayer Multiple is 0 71 with a  BTC price of  USD 7 341 80 and a 200 day moving average of  1 "
"282","Elon Musk fanboys are the worst outside of Bitcoin fanboys "
"283","The boxing week  crypto sale won t last forever   it will end    cryptocurrency  blockchain  CryptoNews  WallStreet  "
"284","   Bitcoin public interest over past few months 2017 2018 and 2013 2014    What do you think  "
"285","  When in doubt  zoom out   HODL  bitcoin "
"286","The Bitcoin Fever Has Got Tim Da R apper  "
"287","  Alarmists are worried that  Bitcoin mining might soon use  5  of the world s electricity   The Internet uses 10     If you "
"288","  aged Premium domain is available for sale For Offers Visit    "
"289","Long Short Bitcoin moves with up to 100x Leverage at Bitmex                            Get a 10  Fee Discount       "
"290","  My predictions for 2018    Bitcoin will be  50K by the EOY  Why     Interest rates will continue to rise   Deutsche Ba "
"291","  Bitcoin angels  PayPal has frozen my donations account and bitcoin is now the only way I can survive    Please help keep an exi "
"292","  We are moving along  Quantis  roadmap  blockchain ready for Launch   scrypt  miningpools  bitcoin  xrp  Dash  Pivx  ETH htt "
"293","im always support this project and im joined   CapitalTechnologiesResearch   blockchain   privacy   "
"294","   Surat is emerging as the  DarkNet capital of India given couple of  Aadhaar hacking and data leaks already originating in  Su "
"295","  Keen Autonomous  Ride  Hailing Platform  Check This Out  Get in NOW     imkeen   "
"296","CHC Malibu CA   Bitcoin traders offered therapy for  addiction  The Times Full coverage "
"297","  Another busy week for our core team members as they continue on the tour representing Bethereum throughout the world     "
"298","  Former BJP MLA involved in huge Bitcoin scam  It s an open secret that people having a high volume of cash at the time of de "
"299","   I m not a big believer in  Bitcoin  I am a believer in blockchain technology     Gary Cohn               "
"300","May 27  2018  The current Mayer Multiple is 0 71 with a  BTC price of  USD 7 341 80 and a 200 day moving average of  "
"301","  Now Bitstump is Live   Hurry sign up  amp  got sing up bonus   Buy token and get 20  bonus   Refer and get 20  reference bonus  "
"302","  Free merchant tool set will enable rapid Bitcoin Cash adoption  "
"303"," Tbh I don t mind if it drops more  I want a mega bag     keep stocking up guys     ZIL aka eth Killer"
"304","  Ladies and Gentlemen  This Day has come  Closed Pre Sale of GID Coin is started  Follow the link to website "
"305","Can the biggest U S  bitcoin exchange win over Wall Street    "
"306","  premium domain is available for sale For Offers Visit    "
"307","  Google trends   bitcoin  "
"308","  All of the some  12 000 that was raised on  has been refunded my WePay  Chuck Johnson has assur "
"309","  Breaking News   prl  prl Oyster PRL is approaching mainnet release at the end of this month  Stock up  prl before it moons "
"310","  Markets Update  Bear Market Adds Cryptocurrency Trading Uncertainty   Bitcoin "
"311","START BITCOIN MINING       "
"312","Seattle has an affordable housing crisis  amp  a homelessness crisis   Bitcoin miners  sounds clinical  if absurd  but  "
"313","Earn bitcoin on a daily basis   1  Follow   2  Complete instructions in pinned tweet"
"314","  The Revolution is Coming   Lightening fast video playback   buffer less technology with encoding on the fly    Only via "
"315","Join our pump group for fast bitcoin    BQX  MTL  NULS  VIBE  EDO  LUN  TRIG  KNC  RDN  "
"316","   Bitcoin is the future by   retweet  "
"317"," And im gonna call you bitcoin bc clearly someone is bitter            "
"318","New post  Apartments Of London accepts Bitcoin  has been published on Kryptous    "
"319","  AIRDROP  We are going to airdrop 250 000 000 BTK  Bitcoin Token  to all of Bitpaction users  Detail  "
"320","Bitcoin  BTC price is   7362 25   Binance is TEMPORARILY accepting new users  GO                                   "
"321","  Retweet this post and get 5000 free PKG Token  PKG                                        We will choose 5 random followers and send each 5000 PKG  5 winn "
"322","  KWATT Coin ICO   Introducing The KWATT Coin Tokenized Electricity        "
"323"," In an emergency  don t ask  someone  from the crowd to do something  Point to a person and tell th "
"324","  The bullish trend line started since mid October last year  in black   the longer Bitcoin stays around these levels the b "
"325"," In an emergency  don t ask  someone  from the crowd to do something  Point to a person and tell th "
"326","  premium domain is available for sale For Offers Visit    "
"327","  The whole  crypto world was celebrating with pizza  Bitcoin  Pizza  Day 2018 on May 22  That day  Laszlo Hanyecz ordered tw "
"328","So many companies  amp  famous people talking about Bitcoin Cash and advertising the BCH logo  I am really getting a 20  "
"329","  Want to be one of the first merchants to accept payments in Bitcoin  Ethereum  and Litecoin  Talk to us about how to get "
"330","  The cover of the biggest newspaper magazine in Argentina    Is  bitcoin killing the USD                                         hyperbitcoinization htt "
"331","  KWATT Coin ICO   Introducing The KWATT Coin Tokenized Electricity        "
"332"," I love playing games but I used  smartcash because of the fast transaction and secured   smartcashTheory  SmartCash   "
"333","   AI explained  bitcoin as  the most valuable form of electricity   Bitcoin allows to upload a version of your future self o "
"334","Please sign up and get your 25 000 Free coins at     I am sure you have heard of Bitcoin   W  "
"335","  The bullish trend line started since mid October last year  in black   the longer Bitcoin stays around these levels the b "
"336","  Onasander Airdrop   3 000 give away every week  First Investment Bank running on Blockchain   Go to Airdrop Page   "
"337","  We are so sorry for delay of our pre ICO campaign  But now everything is ok   Buy tokens here  "
"338","BitcoFarm  revoultion in the  PTC world  Build your farm  and start to earn  Bitcoin now  Play and Earn  BTC     gt  gt   "
"339","  Cardium pre ICO is Live    You can buy some tokens here   our telegram channel  "
"340","BITMEX is where i traded and fcking doubled my money during bitcoin s downturn     Create acc   gt   "
"341","bitcoin "
"342"," In an emergency  don t ask  someone  from the crowd to do something  Point to a person and tell th "
"343","  Kasko2go ICO   Would You Like To Save Up To 50  On Motor Insurance Just For Driving Safe      "
"344"," Well there is reputation in everything  It s just a matter of how much  Even bitcoin nodes can ban  "
"345"," This is great improvement  I know of a cryptocurrency   smartcash  who have introduced the use of card for credit "
"346","  Token sale started  Number of  tokens on pre ICO  5 000 000 CAD  Price  0 25  And don t forget about bonus "
"347","Porn Star Stormy Daniels Now Accepts Vice Industry Token on Official Website   CCN  Bitcoin  Ethereum  ICO  Blockch  "
"348"," Cryptocurrency Market Continues to Fall as Bitcoin Price Seeks Support at  6700  "
"349"," Bitcoin Pizza Guy  Laszlo Hanyecz on Why Bitcoin is Still the Only Flavor of Crypto for Him  "
"350","  The Rothschild s are entering the  Cryptocurrency market  In February  it became known that the Tether accounts of Bitf "
"351","Short term Bit u2026  BTCUSD "
"352","  Kasko2go ICO   Would You Like To Save Up To 50  On Motor Insurance Just For Driving Safe      "
"353","   BITCOIN price trends      DaBears  1 5 2018    16220 2 5 2018    7208 3 5 2018    11262 4 5 2018    6701 5 5 2018    96 "
"354"," In an emergency  don t ask  someone  from the crowd to do something  Point to a person and tell th "
"355","The latest BLOCKCHAIN DAILY  gt  The latest  blockchain business  amp  technology news    bitcoin"
"356","  Tomorrow in  will be realtime video stream with speech of our CEO   Do not miss  "
"357","  domain is available for sale For Offers Visit    Dom  "
"358","  Nice project I believe that this project will success More about  Website      Telegram group  h "
"359","When  bitcoiners  found bitcoin and had no proper understand of the economic implications they crafted a false narr  "
"360","  I really want to go buy a bunch of stuff on my boy  website but I can t find a  btc option  BROWN GET IN TOUCH MY M "
"361","  Bitcoin with blocksize scaling launched in 2009  kicked off the crypto revolution  worked amazingly well and attracted mil "
"362","  smartcash makes life easier too  with fast transaction  instapay  and well secured  Don t be panic when doing tr "
"363","  Onasander Airdrop   3 000 give away every week  First Investment Bank running on Blockchain   Go to Airdrop Page   "
"364","   Blocknet interview with  Creator   Syscoin Co Founder   amp  Syscoin Core Developer  "
"365","  Get kids into  Bitcoin  by   "
"366","  KWATT Coin ICO   Introducing The KWATT Coin Tokenized Electricity        "
"367","  Last time the volume of bitcoin was this low was in early April just before the surge to 10k  Volume dying off in a dow "
"368","  Help me keep the construction workers paid   Buy 1 3 acres plots at   land on the River   Bitcoin  1 Acres   0 "
"369","Got 1 BTC  Another Japanese Exchange Wants to Borrow Your Cryptocurrencies "
"370"," In an emergency  don t ask  someone  from the crowd to do something  Point to a person and tell th "
"371","Laszlo Hanyecz on Why Bitcoin is Still the Only Flavor of Crypto for Him "
"372","  Social Wallet is now the fastest  easiest and least expensive option when wanting to send someone money  No more hefty "
"373","  aged Premium domain is available for sale For Offers Visit    "
"374","  Retweet this post and get 5000 free PKG Token  PKG                                        We will choose 5 random followers and send each 5000 PKG  5 winn "
"375","  Help me keep the construction workers paid   Buy 1 3 acres plots at   land on the River   Bitcoin  1 Acres   0 "
"376","Bitcoin s role in global warming can t be ignored  If people are out there mining just to mine it  and there s stil  "
"377","RT Nicholas Merten  My predictions for 2018    Bitcoin will be  50K by the EOY  Why     Interest rates will continu  "
"378","Over three years ago we studied the Bitcoin revolution  Now we show and help investors understand the many differen  "
"379","  Keen Autonomous  Ride  Hailing Platform  Check This Out  Get in NOW     imkeen   "
"380","Earn bitcoin on a daily basis   1  Follow   2  Complete instructions in pinned tweet"
"381","  Form Link    Crypto  Bitcoin  ethereum  giveaway "
"382","Argentinian biggest newspaper magazine  Bitcoin Kills USD   The virus is spreading  "
"383","  KWATT Coin ICO   Introducing The KWATT Coin Tokenized Electricity        "
"384","Blockchain Keynote ExpoDX    IoT  IIoT  FinTech  Bitcoin  Ethereum  Blockchain  SmartCities  DigitalTransformation "
"385","Earn bitcoin on a daily basis   1  Follow   2  Complete instructions in pinned tweet"
"386","   reminds me of this Bitcoin enthusiast survivalist crossover "
"387"," BLOCK showing the  crypto world what it means to have active development    XRouter release imminent  think MetaMa  "
"388","Exposing the dark side of Bitcoin  Get Free coins   "
"389","   ACAT says fuck you Bitcoin  you aint holding me back  It was 10  of my portfolio a couple of days ago  It decided to make it "
"390","Trezor Hardware Wallet   Bitcoin  BCH  Litecoin  Ethereum  ZCash  DASH  "
"391","  Breaking News   prl  prl Oyster PRL is approaching mainnet release at the end of this month  Stock up  prl before it moons "
"392","Bitcoin  BTC  and Bitcoin Cash  BCH  Social Media Channels  amp  Websites  quick  for an  "
"393","During down trends I spend most of my time on ico research  project analysis and networking  Crypto isn t all about  "
"394","  Companies rely on players for beta testing  customer acquisition  and game curation  But  they rarely share rewards be "
"395","  We want to give artists the resources to create the games they envision and reward the players who populate their virt "
"396","  domain is available for sale For Offers Visit    "
"397","  Game Loot Network  will democratize the gaming experience  enabling developers to create and prosper regardless of gat "
"398","  We want to thank each and every one of YOU                         For helping us reach 7 000 followers   YOU help us make  SprintX a reality             Th "
"399"," In an emergency  don t ask  someone  from the crowd to do something  Point to a person and tell th "
"400","  2 Phase  Airdrop started  Name   Masternode Symbol   MND Total Supply   50 000 000 Listing Price   0 3USD  2000 PEOPLE GET "
"401","  Bitcoin is the real Occupy Wall Street "
"402"," Do you offer Bitcoin and REITs "
"403","    No  I am concerned they will lose money due to falling for thi  "
"404","  British Hacker Jailed for 10 Years   500 000 Worth of Bitcoin Seized   ethereum"
"405"," In an emergency  don t ask  someone  from the crowd to do something  Point to a person and tell th "
"406","  US and Russia successfully reject bogus attempts to trademark the name Bitcoin  but the UK falls prey to a scammer  "
"407","The Bitcoin Fever Has Got Tim Da R apper  "
"408","   Bitcoin   The Last 365 Days  We ve had a hell of a ride   2K    19K    7 5K today     What s next for  BTC                Brought "
"409","look at these shills working overtime   "
"410","   OTTV  We Love it    Get it now  cut the cord and save now   Viva Live TV "
"411","  The peer to peer electronic cash system invented by Satoshi Nakamoto continues to live on as Bitcoin Cash  BCH    Bitcoin Co "
"412","  aged Premium domain is available for sale For Offers Visit    "
"413","By Trading Your Bitcoin Cash Now  You ll Get 993 43 USD For  1 BCH   cryptocurrency"
"414","  Install CryptoTab  amp  Earn 1  Bitcoin Week Click here  gt      BTC  Ethereum  Crypto  BlockChain  Af "
"415","Learn what top  forex  signal providers don t want you to know  Increase your  profit potential with this knowledge  "
"416","  bitcoiners   utility crews responding to unusual spikes in power usage have found racks of remotely controlled servers in "
"417","   SatoshiNakamoto  creator of bitcoin  amp  father of the crypto revolution understood the root problem with  fiat was that  ce "
"418","  The peer to peer electronic cash system invented by Satoshi Nakamoto continues to live on as Bitcoin Cash  BCH    Bitcoin Co "
"419","Do you think that Bitcoin can replace Dollar  Euro etc      How long would it take   "
"420","ABB  A always  B be  B buying  Always be buying  ALWAYS  BE BUYING  "
"421","Mycelium Token holders   Colu Dashboard will be shutting down on the 1st of June 2018   "
"422","What s it like to use a Bitcoin ATM  Here s my experience for those who haven t used one  Mainstream adoption FTW  "
"423","Bitcoin fork Bitcoin Gold suffers 51  attack  attacker with more than half of network s hash rate double spent BTG  "
"424","It seems you guys like documentaries  A must watch  The Princes of The Yen  How the Bank of Japan  the Fed  and the  "
"425","Cointelegraph  Bitcoin Pizza Guy  Laszlo Hanyecz on Why Bitcoin is S      Bitcoin  BTC  bitcoin  ripple  ethereum  "
"426","The Bloomberg Terminal of Crypto  "
"427","  The Rothschild s are entering the  Cryptocurrency market  In February  it became known that the Tether accounts of Bitf "
"428","The Bitcoin Fever Has Got Tim Da R apper  "
"429","  The cover of the biggest newspaper magazine in Argentina    Is  bitcoin killing the USD                                         hyperbitcoinization htt "
"430","  The cover of the biggest newspaper magazine in Argentina    Is  bitcoin killing the USD                                         hyperbitcoinization htt "
"431","  2 Phase  Airdrop started  Name   Masternode Symbol   MND Total Supply   50 000 000 Listing Price   0 3USD  2000 PEOPLE GET "
"432","LOVE  IranWe hope to help  thank you    bitcoin 1896UwURka9J4MCbSdwfMc1pynArfWYXUf     amazon com Wish List "
"433"," In an emergency  don t ask  someone  from the crowd to do something  Point to a person and tell th "
"434","  Luxury Purveyor White Now Accepts Bitcoin Cash          "
"435","  Free 5 Legitcoin token until 24 February  In March will be priced as least 80  Sign up Free    Bit "
"436","                           s best hope to survive is  Bitcoin   Everyone living there needs to open a crypto wallet ASAP  "
"437"," In an emergency  don t ask  someone  from the crowd to do something  Point to a person and tell th "
"438","Bitcoin Pizza Guy  Laszlo Hanyecz on Why Bitcoin is Still the Only Flavor of Crypto for Him  "
"439","Ledger Nano S Bitcoin Ethereum Crypto Altcoin Litecoin Ripple Wallet  "
"440"," In an emergency  don t ask  someone  from the crowd to do something  Point to a person and tell th "
"441"," Passive income u say  Look no further  Sign up at this  BTC exchange using my link      "
"442","Copy successful traders automatically with Bitcoin                            I copy  KaizenTrader   Do you       "
"443"," In an emergency  don t ask  someone  from the crowd to do something  Point to a person and tell th "
"444","Bitcoin   Claim 0 25   1 Bitcoin   young celia cruz and celia cruz sing tog  "
"445","If you feel that Bitcoin is  selling out  to state financial interests  don t forget that you are paid to leave  ha  "
"446","  Form Link    Crypto  Bitcoin  ethereum  giveaway "
"447","  If bitcoin hits  8000 by the end of this week  I ll give  20 to every person who RTs this  Quote me  Max is 1050 RTs   BTC  L "
"448","The Bitcoin Bazaar is live  What do you want to buy with BitcoinCash  "
"449","  John McAfee Predicts Bitcoin  BTC  Will Reach 15k by June     John McAfee published a tweet predicting Bitcoin will ris "
"450","     very cool             "
"451","  The Woman Powering Bitcoin   Interview With CEO of  OTCBTC Exchange Xdite Cheng  "
"452","  Let s support  for   We need a big future for the world  A medical blockchain that helps real life   Bi "
"453"," 10 000 Bitcoin is worth around 80 million dollars today  do you ever regret paying 10 000 BTC for two pizzas      "
"454","  KWATT Coin ICO   Introducing The KWATT Coin Tokenized Electricity        "
"455","  The Revolution is Coming   Lightening fast video playback   buffer less technology with encoding on the fly    Only via "
"456","  Bitcoin Pizza Guy  Laszlo Hanyecz on Why Bitcoin is Still the Only Flavor of Crypto for Him  "
"457"," In an emergency  don t ask  someone  from the crowd to do something  Point to a person and tell th "
"458"," If every 100 satoshi became equivalent of a one dollar the market cap of of bitcoin would     21 T  "
"459"," In an emergency  don t ask  someone  from the crowd to do something  Point to a person and tell th "
"460","  Batching on the Rise  Driving  Bitcoin Transaction Fees Lower "
"461","  My predictions for 2018    Bitcoin will be  50K by the EOY  Why     Interest rates will continue to rise   Deutsche Ba "
"462"," SatoshiNakamoto  creator of bitcoin  amp  father of the crypto revolution understood the root problem with  fiat was t  "
"463","  Breaking news    lsk  lisk will reach 1 0 version release on the mainnet  dynamic fees  sdk and much more incoming  Accumu "
"464","This is really great and unique project that should pay attention on this  Good Luck  devs             PDATA  website  "
"465","  bitcoiners   utility crews responding to unusual spikes in power usage have found racks of remotely controlled servers in "
"466"," In an emergency  don t ask  someone  from the crowd to do something  Point to a person and tell th "
"467","Guys  I m going to go to school for software engineering  microsoft  Litecoin  bitcoin  Apple  google"
"468","  Take your place among the worlds biggest cryptocurrency investors here in  Sign up now and get "
"469"," Africa  South Africa kidnappers demand  120 000 ransom in bitcoin "
"470","  The bullish trend line started since mid October last year  in black   the longer Bitcoin stays around these levels the b "
"471","Got 1 BTC  Another Japanese Exchange Wants to Borrow Your Cryptocurrencies  gt  gt        Bitcoin  "
"472","  My predictions for 2018    Bitcoin will be  50K by the EOY  Why     Interest rates will continue to rise   Deutsche Ba "
"473","Royal Bank Of Canada Will Erase References To Taiwan As A Country   btc  bitcoin  Canada  China  Taiwan"
"474","  Thanks to all participants for joining our 9th  THUGDAY  AIRDROP   Congratulations to our 10 WINNERS   Check your wallets for "
"475","          "
"476"," In an emergency  don t ask  someone  from the crowd to do something  Point to a person and tell th "
"477"," In an emergency  don t ask  someone  from the crowd to do something  Point to a person and tell th "
"478","  My predictions for 2018    Bitcoin will be  50K by the EOY  Why     Interest rates will continue to rise   Deutsche Ba "
"479","  The  LGD party isn t easy to get into in  vegas   crypto  bitcoin  blockchain  vegas  more  bittrex  token "
"480","Bitcoin still a buy says blockchain venture capitalist   bitcoin  bitcoin cash "
"481","Xapo s Bitcoin Wallet Adds Support for Segregated Witness      crypto  btc  eth  blockchain"
"482","  The largest newspaper in Argentina released a magazine this week with the title  Bitcoin kills US Dollar    h t  "
"483","KeepKey Hardware Wallet   Cryptocurrency   Bitcoin  ETH  Litecoin  DASH  "
"484","Bitcoin Pizza Guy  Laszlo Hanyecz on Why Bitcoin is Still the Only Flavor of Crypto for Him   Cointelegraph    "
"485","  My predictions for 2018    Bitcoin will be  50K by the EOY  Why     Interest rates will continue to rise   Deutsche Ba "
"486","Bitcoin Pizza Guy  Laszlo Hanyecz on Why Bitcoin is Still the Only Flavor of Crypto for Him   Cointelegraph "
"487","              Don t tell us you didn t hear               Last hour to get your FOXT Tokens with  50  BONUS              Join here  "
"488","Bitcoin Pizza Guy  Laszlo Hanyecz on Why Bitcoin is Still the Only Flavor of Crypto for Him   "
"489","Crypto update  Bitcoin  Ethereum  Ripple  Bitcoin Cash  EOS  and Litecoin sink lower   "
"490","Bitcoin Pizza Guy  Laszlo Hanyecz on Why Bitcoin is Still the Only Flavor of Crypto for Him  "
"491"," 3 Things Not to Do When Bitcoin is Going Down  by  "
"492","I liked a  video  Casting Brass Bitcoin from Bullet Shells"
"493","              We re swiftly running out of tokens               Don t miss our special    32  BONUS              Join us on the ROAD to changing the trading "
"494","               Norway Central Bank Considers Developing Digital Currency   ERC20  Blockchain  Crypto  Cryptocurrency  Bitcoin  Ethereum "
"495","               In the first round  tokens were sold    469 408 Hurry to buy tokens at a discount of 65               Input from 1 ETH to 10 ETH               "
"496"," In an emergency  don t ask  someone  from the crowd to do something  Point to a person and tell th "
"497","  The bullish trend line started since mid October last year  in black   the longer Bitcoin stays around these levels the b "
"498","  Bitcoin Pizza Guy  Laszlo Hanyecz on Why Bitcoin is Still the Only Flavor of Crypto for Him   Molly Jane Zuckerman "
"499","Bitcoin Pizza Guy  Laszlo Hanyecz on Why Bitcoin is Still the Only Flavor of Crypto for Him   Cointelegraph "
"500","                           Switzerland First in Ranking of Top 10 Most Blockchain Friendly Countries in Europe   ERC20  Blockchain  Crypto  Crypto "
